Date,Gauge reading (cm),Rainfall (mm),Level override (m)
2014-07-16,0,2.7,
2014-07-17,0,0.6,
2014-07-18,140,9.6,98.83
2014-07-19,130,34.3,
2014-07-20,125,58.2,
2014-07-21,119,,
2014-07-22,107,,
2014-07-23,92,,
2014-07-24,102,,
2014-07-25,160,26.1,
2014-07-26,170,76.6,
2014-07-27,155,0,
2014-07-28,155,13.8,
2014-07-29,163,,
2014-07-30,158,9.3,
2014-07-31,155,3.4,
2014-08-01,145,9.6,
2014-08-02,140,0.3,
2014-08-03,134,,
2014-08-04,130,,
2014-08-05,124,0.6,
2014-08-06,120,,
2014-08-07,161,12,
2014-08-08,156,0.9,
2014-08-09,152,31.2,
2014-08-10,146,,
2014-08-11,152,3,
2014-08-12,158,4,
2014-08-13,156,,
2014-08-14,150,6,
2014-08-15,147,,
2014-08-16,144,,
2014-08-17,140,,
2014-08-18,139,,
2014-08-19,135,,
2014-08-20,132,,
2014-08-21,130,,
2014-08-22,129,,
2014-08-23,126,,
2014-08-24,120,,
2014-08-25,120,10,
2014-08-26,119,,
2014-08-27,150,,
2014-08-28,145,,
2014-08-29,142,8,
2014-08-30,139,,
2014-08-31,137,,
2014-09-01,136,,
2014-09-02,135,,
2014-09-03,138,70,
2014-09-04,165,,
2014-09-05,160,23,
2014-09-06,157,,
2014-09-07,155,10,
2014-09-08,156,15,
2014-09-09,158,22,
2014-09-10,160,17,
2014-09-11,160,16,
2014-09-12,160,10.8,
2014-09-13,159,0.6,
2014-09-14,157,,
2014-09-15,156,,
2014-09-16,155,,
2014-09-17,154,,
2014-09-18,152,,
2014-09-19,152,,dry-day rule
2014-09-20,151,,
2014-09-21,150,,
2014-09-22,148,,
2014-09-23,146,,
2014-09-24,145,,
2014-09-25,144,,
2014-09-26,143,,
2014-09-27,141,,
2014-09-28,140,,
2014-09-29,138,,
2014-09-30,137,,
2014-10-01,135,,
2014-10-02,133,,
2014-10-03,132,,
2014-10-04,130,,
2014-10-05,129,,
2014-10-06,126,,
2014-10-07,124,,
2014-10-08,120,,
2014-10-09,118,,
2014-10-10,116,,
2014-10-11,114,,
2014-10-12,111,,
2014-10-13,110,,
2014-10-14,109,,
2014-10-15,107,,
2014-10-16,103,,
2014-10-17,100,,
2014-10-18,97,,
2014-10-19,95,,
2014-10-20,91,,
2014-10-21,85,,
2014-10-22,82,,
2014-10-23,80,,
2014-10-24,77,,
2014-10-25,75,,
2014-10-26,72,,
2014-10-27,70,,
2014-10-28,68,,
2014-10-29,65,,
2014-10-30,61,,
2014-10-31,58,,
2014-11-01,53,,
2014-11-02,50,,
2014-11-03,47,,
2014-11-04,42,,
2014-11-05,38,,
2014-11-06,34,,
2014-11-07,30,,
2014-11-08,24,,
2014-11-09,14,,
2014-11-10,9,,
2014-11-11,3,,
2014-11-12,0,,
